{
  "runs": 9.0,
  "artifact_quality_avg": 0.9077666666666667,
  "browser_workflow_avg": 0.9764888888888889,
  "strict_interface_avg": 1.0,
  "recovered_execution_avg": 1.0,
  "real_world_readiness_avg": 0.9627777777777777,
  "escalation_correctness_avg": 1.0,
  "controller_repair_avg": 3.9444444444444446,
  "argument_repair_avg": 0.2222222222222222,
  "controller_fallback_avg": 2.0555555555555554,
  "intent_override_avg": 0.16666666666666666,
  "raw_planning_clean_rate_avg": 0.16666666666666666
}
