{
  "runs": 9.0,
  "artifact_quality_avg": 0.9794222222222222,
  "browser_workflow_avg": 0.9834,
  "strict_interface_avg": 1.0,
  "recovered_execution_avg": 1.0,
  "real_world_readiness_avg": 0.9785222222222222,
  "escalation_correctness_avg": 1.0,
  "controller_repair_avg": 0.9444444444444444,
  "argument_repair_avg": 0.16666666666666666,
  "controller_fallback_avg": 0.3888888888888889,
  "intent_override_avg": 0.1111111111111111,
  "raw_planning_clean_rate_avg": 0.6666666666666666
}
