{
  "runs": 9.0,
  "artifact_quality_avg": 0.9794222222222222,
  "browser_workflow_avg": 0.9834,
  "strict_interface_avg": 0.9555555555555555,
  "recovered_execution_avg": 0.9444444444444444,
  "real_world_readiness_avg": 0.9567111111111112,
  "escalation_correctness_avg": 1.0,
  "controller_repair_avg": 0.8888888888888888,
  "argument_repair_avg": 0.2222222222222222,
  "controller_fallback_avg": 0.3333333333333333,
  "intent_override_avg": 0.1111111111111111,
  "raw_planning_clean_rate_avg": 0.6666666666666666
}
