{
  "runs": 26.0,
  "artifact_quality_avg": 0.9744807692307693,
  "browser_workflow_avg": 0.9829461538461538,
  "strict_interface_avg": 0.9038461538461539,
  "recovered_execution_avg": 0.8846153846153846,
  "real_world_readiness_avg": 0.9392653846153846,
  "escalation_correctness_avg": 1.0,
  "controller_repair_avg": 0.11538461538461539,
  "argument_repair_avg": 0.0,
  "controller_fallback_avg": 0.11538461538461539,
  "intent_override_avg": 0.0,
  "raw_planning_clean_rate_avg": 0.9615384615384616
}
