{
  "runs": 26.0,
  "artifact_quality_avg": 0.9744807692307693,
  "browser_workflow_avg": 0.9829461538461538,
  "strict_interface_avg": 0.9182692307692307,
  "recovered_execution_avg": 0.8846153846153846,
  "real_world_readiness_avg": 0.9398846153846154,
  "escalation_correctness_avg": 0.9807692307692307,
  "controller_repair_avg": 1.6538461538461537,
  "argument_repair_avg": 0.15384615384615385,
  "controller_fallback_avg": 0.8461538461538461,
  "intent_override_avg": 0.057692307692307696,
  "raw_planning_clean_rate_avg": 0.5769230769230769
}
