{
  "runs": 26.0,
  "artifact_quality_avg": 0.9744807692307693,
  "browser_workflow_avg": 0.9829461538461538,
  "strict_interface_avg": 0.9711538461538461,
  "recovered_execution_avg": 0.9615384615384616,
  "real_world_readiness_avg": 0.9668576923076924,
  "escalation_correctness_avg": 1.0,
  "controller_repair_avg": 0.46153846153846156,
  "argument_repair_avg": 0.38461538461538464,
  "controller_fallback_avg": 0.038461538461538464,
  "intent_override_avg": 0.0,
  "raw_planning_clean_rate_avg": 0.8717999999999999
}
