{
  "runs": 26.0,
  "artifact_quality_avg": 0.9744807692307693,
  "browser_workflow_avg": 0.9829461538461538,
  "strict_interface_avg": 1.0,
  "recovered_execution_avg": 1.0,
  "real_world_readiness_avg": 0.9780730769230769,
  "escalation_correctness_avg": 1.0,
  "controller_repair_avg": 0.4230769230769231,
  "argument_repair_avg": 0.4230769230769231,
  "controller_fallback_avg": 0.0,
  "intent_override_avg": 0.0,
  "raw_planning_clean_rate_avg": 0.8717999999999999
}
