{
  "runs": 3.0,
  "artifact_quality_avg": 0.8931666666666667,
  "browser_workflow_avg": 0.9796,
  "strict_interface_avg": 1.0,
  "recovered_execution_avg": 1.0,
  "real_world_readiness_avg": 0.9566666666666667,
  "escalation_correctness_avg": 1.0,
  "controller_repair_avg": 2.3333333333333335,
  "argument_repair_avg": 0.3333333333333333,
  "controller_fallback_avg": 1.0,
  "intent_override_avg": 0.16666666666666666,
  "raw_planning_clean_rate_avg": 0.3333333333333333
}
