{
  "runs": 23.0,
  "artifact_quality_avg": 0.9633043478260869,
  "browser_workflow_avg": 1.0,
  "strict_interface_avg": 0.9864130434782609,
  "recovered_execution_avg": 0.9782608695652174,
  "real_world_readiness_avg": 0.9719,
  "escalation_correctness_avg": 1.0,
  "controller_repair_avg": 0.6521739130434783,
  "argument_repair_avg": 0.6521739130434783,
  "controller_fallback_avg": 0.0,
  "intent_override_avg": 0.0,
  "raw_planning_clean_rate_avg": 0.7898608695652173
}
