{
  "runs": 3.0,
  "artifact_quality_avg": 1.0,
  "browser_workflow_avg": 0.9832333333333333,
  "strict_interface_avg": 1.0,
  "recovered_execution_avg": 1.0,
  "real_world_readiness_avg": 0.9827,
  "escalation_correctness_avg": 1.0,
  "controller_repair_avg": 0.3333333333333333,
  "argument_repair_avg": 0.16666666666666666,
  "controller_fallback_avg": 0.16666666666666666,
  "intent_override_avg": 0.0,
  "raw_planning_clean_rate_avg": 0.6666666666666666
}
